,encounter_id,patient_nbr,admission_type_id,discharge_disposition_id,admission_source_id,time_in_hospital,num_lab_procedures,num_procedures,num_medications,number_outpatient,number_emergency,number_inpatient,number_diagnoses,age_numeric,max_glu_serum_numeric,A1Cresult_numeric,readmitted_binary,gender_encoded,race_encoded,admission_type_id_encoded,discharge_disposition_id_encoded,admission_source_id_encoded
count,305298.0,305298.0,305298.0,305298.0,305298.0,305298.0,305298.0,305298.0,305298.0,305298.0,305298.0,305298.0,305298.0,305298.0,305298.0,305298.0,305298.0,305298.0,305298.0,305298.0,305298.0,305298.0
mean,165201645.6229782,54330400.694947235,2.024006053102215,3.7156417664052825,5.754436648782501,4.395986871843248,43.09564098028811,1.339730361810428,16.021844230882614,0.36935715268360747,0.19783621248747127,0.635565906098304,7.422606764538254,65.96702238468644,1.9869013226421397,2.0317001749110704,0.4608808442898414,0.46244325216673543,1.5987756225065346,1.0240060531022148,2.6789890533183973,4.545732366409213
std,102639959.78472582,38696232.59644258,1.4453980953329293,5.280148214094416,4.064067522369631,2.985097989737924,19.67429780568388,1.7058013917430557,8.12753958728918,1.2672609456003991,0.9304692206565428,1.2628591535831803,1.9335938114818294,15.940785479010398,0.19434126766041246,0.35883674928701925,0.4984681589818311,0.49864743449428145,0.9384121206349902,1.4453980953329293,5.145454260058282,3.516675490311678
min,12522.0,135.0,1.0,1.0,1.0,1.0,1.0,0.0,1.0,0.0,0.0,0.0,1.0,5.0,1.0,1.0,0.0,0.0,-1.0,0.0,0.0,0.0
25%,84960072.0,23413212.0,1.0,1.0,1.0,2.0,31.0,0.0,10.0,0.0,0.0,0.0,6.0,55.0,2.0,2.0,0.0,0.0,2.0,0.0,0.0,0.0
50%,152388987.0,45505143.0,1.0,1.0,7.0,4.0,44.0,1.0,15.0,0.0,0.0,0.0,8.0,65.0,2.0,2.0,0.0,0.0,2.0,0.0,0.0,6.0
75%,230271972.0,87546186.0,3.0,4.0,7.0,6.0,57.0,2.0,20.0,0.0,0.0,1.0,9.0,75.0,2.0,2.0,1.0,1.0,2.0,2.0,3.0,6.0
max,443867222.0,189502619.0,8.0,28.0,25.0,14.0,132.0,6.0,81.0,42.0,76.0,21.0,16.0,95.0,3.0,3.0,1.0,2.0,4.0,7.0,25.0,16.0
