Age_Group,Patient_Count,Readmission_Rate
<30,7527,41.41092068553208
30-50,40380,43.952451708766716
51-70,119217,45.255290772289186
>70,138174,47.68552694428764
