Number_of_Diagnoses,Patient_Count,Readmission_Rate
1,657,23.74429223744292
2,3069,32.84457478005865
3,8505,34.285714285714285
4,16611,37.258443200288966
5,34179,35.45159308347231
6,30483,43.844109831709474
7,31179,46.67564707014337
8,31848,47.588545591559914
9,148422,50.58414520758379
10,51,47.05882352941176
11,33,72.72727272727273
12,27,44.44444444444444
13,48,56.25
14,21,57.14285714285714
15,30,50.0
16,135,40.0
