Race,Patient_Count,Readmission_Rate
AfricanAmerican,57630,45.75221238938053
Asian,1923,35.257410296411855
Caucasian,235116,46.49874955341193
Hispanic,6111,41.92439862542955
Other,4518,39.243027888446214
