Days_in_Hospital,Patient_Count,Readmission_Rate
1,42624,39.646677927927925
2,51672,44.30445889456573
3,53268,44.936922730344676
4,41772,48.175811548405626
5,29898,48.01324503311258
6,22617,49.13118450722907
7,17577,49.06980713432326
8,13173,50.42131632885447
9,9006,50.33311125916056
10,7026,50.128095644748086
11,5565,48.19407008086253
12,4344,49.10220994475138
13,3630,47.107438016528924
14,3126,49.23224568138196
